{
  "author": {
    "name": "PubNub",
    "email": "thomasalwyndavis@gmail.com",
    "description": "I work with a few open source projects and also work in the drone industry",
    "homepage": "http://pubnuc.com/"
  },
  "description": "Organizing your application using Modules (require.js)",
  "homepage": "https://github.com/thomasdavis",
  "keywords": [
    "backbone.js",
    "require.js",
    "modules",
    "tutorial"
  ],
  "library-tags": ["backbone.js", "require.js"],
  "name": "Real-Time Backbone With PubNub",
  "repository": "https://github.com/thomasdavis/backbonetutorials",
  "disqus_shortname": "bbtutes",
  "disqus_url": "http://backbonetutorials.com/real-time-backbone-with-pubnub"
}
