{
  "author": {
    "name": "Thomas Davis",
    "email": "thomasalwyndavis@gmail.com",
    "description": "I work with a few open source projects and also work at Listium",
    "homepage": "https://ajaxdavis.com/",
    "twitter": "ajaxdavis"
  },
  "description": "React/Redux beginners tutorial",
  "homepage": "https://github.com/thomasdavis",
  "keywords": [
    "backbone.js",
    "require.js",
    "modules",
    "tutorial"
  ],
  "library-tags": ["backbone.js", "require.js"],
  "name": "React/Redux beginners tutorial",
  "repository": "https://github.com/thomasdavis/react-redux-tutorials"
}
