{
  "author": {
    "name": "Ahmed Bouchefra",
    "email": "techiediaries9@gmail.com",
    "description": "Web developer, technical writer and entrepreneur",
    "homepage": "https://www.techiediaries.com",
    "twitter": "techiediaries"
  },
  "description": "This tutorial will cover how to use React and Next.js to build a simple universal web app.",
  "homepage": "https://www.techiediaries.com",
  "keywords": [
    "react",
    "nextjs",
    "universal"
  ],
  "library-tags": ["react", "nextjs"],
  "name": "Building Universal Server Rendered Apps with React and Next.js 3.0",
  "repository": "https://github.com/techiediaries"
}
