{
  "author": {
    "name": "Thomas Davis",
    "email": "thomasalwyndavis@gmail.com",
    "description": "I work with a few open source projects and also work in the drone industry",
    "homepage": "https://ajaxdavis.com/",
    "github": "thomasdavis",
    "twitter": "ajaxdavis"
  },
  "description": "Organizing your application using Modules (require.js)",
  "homepage": "https://github.com/thomasdavis",
  "keywords": [
    "backbone.js",
    "require.js",
    "modules",
    "tutorial"
  ],
  "library-tags": ["backbone.js", "require.js"],
  "name": "What is a router?",
  "repository": "https://github.com/thomasdavis/backbonetutorials",
  "disqus_shortname": "bbtutes",
  "disqus_url": "http://backbonetutorials.com/what-is-a-router"
}
